,Pclass,Age,SibSp,Parch,Fare,Cabin,Sex_female,Sex_male,Embarked_C,Embarked_Q,Embarked_S
891,3.0,0.430038832519,0.0,0.0,0.0152815806712,False,0.0,1.0,0.0,1.0,0.0
892,3.0,0.586621570838,1.0,0.0,0.0136630900601,False,1.0,0.0,0.0,0.0,1.0
893,2.0,0.774520856821,0.0,0.0,0.0189087407081,False,0.0,1.0,0.0,1.0,0.0
894,3.0,0.336089189528,0.0,0.0,0.0169080739493,False,0.0,1.0,0.0,0.0,1.0
895,3.0,0.2734560942,1.0,1.0,0.0239836027304,False,1.0,0.0,0.0,0.0,1.0
896,3.0,0.173243141676,0.0,0.0,0.0180060008292,False,0.0,1.0,0.0,0.0,1.0
897,3.0,0.373669046724,0.0,0.0,0.0148912066695,False,1.0,0.0,0.0,1.0,0.0
898,2.0,0.323562570462,1.0,1.0,0.0566042302488,False,0.0,1.0,0.0,0.0,1.0
899,3.0,0.223349617938,0.0,0.0,0.014110458666,False,1.0,0.0,1.0,0.0,0.0
900,3.0,0.260929475135,2.0,0.0,0.0471376607072,False,0.0,1.0,0.0,0.0,1.0
901,3.0,0.372180103561,0.0,0.0,0.0154115752137,False,0.0,1.0,0.0,0.0,1.0
902,1.0,0.574094951773,0.0,0.0,0.0507486202231,False,0.0,1.0,0.0,0.0,1.0
903,1.0,0.285982713266,1.0,0.0,0.160573904435,True,1.0,0.0,0.0,0.0,1.0
904,2.0,0.787047475886,1.0,0.0,0.0507486202231,False,0.0,1.0,0.0,0.0,1.0
905,1.0,0.586621570838,1.0,0.0,0.119405647775,True,1.0,0.0,0.0,0.0,1.0
906,2.0,0.298509332331,1.0,0.0,0.0541073981339,False,1.0,0.0,1.0,0.0,0.0
907,2.0,0.436302142052,0.0,0.0,0.024105594606,False,0.0,1.0,0.0,1.0,0.0
908,3.0,0.260929475135,0.0,0.0,0.014102260812,False,0.0,1.0,1.0,0.0,0.0
909,3.0,0.336089189528,1.0,0.0,0.015468569818,False,1.0,0.0,0.0,0.0,1.0
910,3.0,0.561568332707,0.0,0.0,0.014102260812,False,1.0,0.0,1.0,0.0,0.0
911,1.0,0.686834523362,1.0,0.0,0.11594107851,False,0.0,1.0,1.0,0.0,0.0
912,3.0,0.110610046348,0.0,1.0,0.00618898942321,False,0.0,1.0,0.0,0.0,1.0
913,1.0,0.372180103561,0.0,0.0,0.0618416830429,False,1.0,0.0,0.0,0.0,1.0
914,1.0,0.260929475135,0.0,1.0,0.119804219631,False,0.0,1.0,1.0,0.0,0.0
915,1.0,0.599148189904,1.0,3.0,0.512121893501,True,1.0,0.0,1.0,0.0,0.0
916,3.0,0.624201428035,1.0,0.0,0.0283021151244,False,0.0,1.0,0.0,0.0,1.0
917,1.0,0.2734560942,0.0,1.0,0.120975341636,True,1.0,0.0,1.0,0.0,0.0
918,3.0,0.279719403733,0.0,0.0,0.014102260812,False,0.0,1.0,1.0,0.0,0.0
919,1.0,0.511461856445,0.0,0.0,0.0595320352617,True,0.0,1.0,0.0,0.0,1.0
920,3.0,0.372180103561,2.0,0.0,0.04231498029,False,0.0,1.0,1.0,0.0,0.0
921,2.0,0.624201428035,1.0,0.0,0.0507486202231,False,0.0,1.0,0.0,0.0,1.0
922,2.0,0.298509332331,2.0,0.0,0.0614839052703,False,0.0,1.0,0.0,0.0,1.0
923,3.0,0.411248903921,1.0,2.0,0.0401597254265,False,1.0,0.0,0.0,0.0,1.0
924,3.0,0.372180103561,1.0,2.0,0.0457713517012,False,1.0,0.0,0.0,0.0,1.0
925,1.0,0.373669046724,1.0,0.0,0.112720492996,True,0.0,1.0,1.0,0.0,0.0
926,3.0,0.229612927471,0.0,0.0,0.014110458666,False,0.0,1.0,1.0,0.0,0.0
927,3.0,0.372180103561,0.0,0.0,0.0157125535691,False,1.0,0.0,0.0,0.0,1.0
928,3.0,0.260929475135,0.0,0.0,0.0169080739493,False,1.0,0.0,0.0,0.0,1.0
929,3.0,0.311035951397,0.0,0.0,0.0185427650815,False,0.0,1.0,0.0,0.0,1.0
930,3.0,0.372180103561,0.0,0.0,0.110272457631,False,0.0,1.0,0.0,0.0,1.0
931,3.0,0.486408618314,0.0,1.0,0.0261876543441,False,0.0,1.0,1.0,0.0,0.0
932,1.0,0.372180103561,0.0,0.0,0.0518221487278,True,0.0,1.0,0.0,0.0,1.0
933,3.0,0.511461856445,0.0,0.0,0.0153221795674,False,0.0,1.0,0.0,0.0,1.0
934,2.0,0.373669046724,0.0,0.0,0.0253743101115,False,1.0,0.0,0.0,0.0,1.0
935,1.0,0.561568332707,1.0,0.0,0.102578966805,True,1.0,0.0,0.0,0.0,1.0
936,3.0,0.311035951397,0.0,0.0,0.015468569818,False,0.0,1.0,0.0,0.0,1.0
937,1.0,0.561568332707,0.0,0.0,0.0579705392548,True,0.0,1.0,1.0,0.0,0.0
938,3.0,0.372180103561,0.0,0.0,0.0151269925665,False,0.0,1.0,0.0,1.0,0.0
939,1.0,0.74946761869,0.0,0.0,0.148911481134,True,1.0,0.0,1.0,0.0,0.0
940,3.0,0.448828761117,0.0,2.0,0.0310347331364,False,1.0,0.0,0.0,0.0,1.0
941,1.0,0.298509332331,1.0,0.0,0.117112200515,True,0.0,1.0,0.0,0.0,1.0
942,2.0,0.336089189528,0.0,0.0,0.0293430474,False,0.0,1.0,1.0,0.0,0.0
943,2.0,0.248402856069,2.0,1.0,0.0448930101973,False,1.0,0.0,0.0,0.0,1.0
944,1.0,0.348615808593,3.0,2.0,0.513341812257,True,1.0,0.0,0.0,0.0,1.0
945,2.0,0.372180103561,0.0,0.0,0.0304085732377,False,0.0,1.0,1.0,0.0,0.0
946,3.0,0.123136665414,4.0,1.0,0.0568482139999,False,0.0,1.0,0.0,1.0,0.0
947,3.0,0.436302142052,0.0,0.0,0.0154115752137,False,0.0,1.0,0.0,0.0,1.0
948,3.0,0.311035951397,0.0,0.0,0.0149318055656,True,0.0,1.0,0.0,0.0,1.0
949,3.0,0.372180103561,1.0,0.0,0.0314251071381,False,0.0,1.0,0.0,0.0,1.0
950,1.0,0.448828761117,0.0,0.0,0.512121893501,True,1.0,0.0,1.0,0.0,0.0
951,3.0,0.210822998873,0.0,0.0,0.0154115752137,False,0.0,1.0,0.0,0.0,1.0
952,2.0,0.398722284855,0.0,0.0,0.0263502451158,False,0.0,1.0,0.0,0.0,1.0
953,3.0,0.223349617938,0.0,0.0,0.0151269925665,False,0.0,1.0,0.0,0.0,1.0
954,3.0,0.2734560942,0.0,0.0,0.0150781958163,False,1.0,0.0,0.0,1.0,0.0
955,1.0,0.160716522611,2.0,2.0,0.512121893501,True,0.0,1.0,1.0,0.0,0.0
956,2.0,0.372180103561,0.0,0.0,0.0409892701802,False,1.0,0.0,0.0,0.0,1.0
957,3.0,0.223349617938,0.0,0.0,0.0153791741716,False,1.0,0.0,0.0,1.0,0.0
958,1.0,0.586621570838,0.0,0.0,0.0827592883638,False,0.0,1.0,0.0,0.0,1.0
959,1.0,0.38619566579,0.0,0.0,0.0557014903699,True,0.0,1.0,1.0,0.0,0.0
960,1.0,0.74946761869,1.0,4.0,0.513341812257,True,1.0,0.0,0.0,0.0,1.0
961,3.0,0.298509332331,0.0,0.0,0.0151269925665,False,1.0,0.0,0.0,1.0,0.0
962,3.0,0.260929475135,0.0,0.0,0.0154115752137,False,0.0,1.0,0.0,0.0,1.0
963,3.0,0.361142427659,0.0,0.0,0.015468569818,False,1.0,0.0,0.0,0.0,1.0
964,1.0,0.354879118126,0.0,0.0,0.0541073981339,True,0.0,1.0,1.0,0.0,0.0
965,1.0,0.436302142052,0.0,0.0,0.412820506815,True,1.0,0.0,1.0,0.0,0.0
966,1.0,0.404985594388,0.0,0.0,0.412820506815,True,0.0,1.0,1.0,0.0,0.0
967,3.0,0.372180103561,0.0,0.0,0.0157125535691,False,0.0,1.0,0.0,0.0,1.0
968,1.0,0.686834523362,2.0,0.0,0.0501630592205,True,1.0,0.0,0.0,0.0,1.0
969,2.0,0.373669046724,0.0,0.0,0.0253743101115,False,0.0,1.0,0.0,0.0,1.0
970,3.0,0.298509332331,0.0,0.0,0.0151269925665,False,1.0,0.0,0.0,1.0,0.0
971,3.0,0.0730301891519,1.0,1.0,0.0297578197768,False,0.0,1.0,1.0,0.0,0.0
972,1.0,0.837153952148,1.0,0.0,0.432884169007,True,0.0,1.0,0.0,0.0,1.0
973,1.0,0.611674808969,0.0,0.0,0.0507486202231,False,0.0,1.0,0.0,0.0,1.0
974,3.0,0.372180103561,0.0,0.0,0.0154115752137,False,0.0,1.0,0.0,0.0,1.0
975,2.0,0.372180103561,0.0,0.0,0.0209012096129,False,0.0,1.0,0.0,1.0,0.0
976,3.0,0.372180103561,1.0,0.0,0.028212719478,False,0.0,1.0,1.0,0.0,0.0
977,3.0,0.336089189528,0.0,0.0,0.0153791741716,False,1.0,0.0,0.0,1.0,0.0
978,3.0,0.223349617938,0.0,0.0,0.0157125535691,False,1.0,0.0,0.0,0.0,1.0
979,3.0,0.372180103561,0.0,0.0,0.0151269925665,False,1.0,0.0,0.0,1.0,0.0
980,2.0,0.0229237128899,1.0,1.0,0.0448930101973,False,0.0,1.0,0.0,0.0,1.0
981,3.0,0.2734560942,1.0,0.0,0.0271309931193,False,1.0,0.0,0.0,0.0,1.0
982,3.0,0.372180103561,0.0,0.0,0.0151757893167,False,0.0,1.0,0.0,0.0,1.0
983,1.0,0.336089189528,1.0,2.0,0.101497240446,True,1.0,0.0,0.0,0.0,1.0
984,3.0,0.372180103561,0.0,0.0,0.0157125535691,False,0.0,1.0,0.0,0.0,1.0
985,1.0,0.311035951397,0.0,0.0,0.0507486202231,False,0.0,1.0,1.0,0.0,0.0
986,3.0,0.311035951397,0.0,0.0,0.0152163882129,False,0.0,1.0,0.0,0.0,1.0
987,1.0,0.949893523738,1.0,0.0,0.153904950177,True,1.0,0.0,0.0,0.0,1.0
988,3.0,0.361142427659,0.0,0.0,0.015468569818,False,0.0,1.0,0.0,0.0,1.0
989,3.0,0.248402856069,0.0,0.0,0.0153303774214,False,1.0,0.0,0.0,0.0,1.0
990,3.0,0.411248903921,0.0,0.0,0.0157125535691,False,0.0,1.0,0.0,0.0,1.0
991,1.0,0.536515094576,1.0,0.0,0.108214991455,True,1.0,0.0,1.0,0.0,0.0
992,2.0,0.336089189528,1.0,0.0,0.0507486202231,False,0.0,1.0,0.0,0.0,1.0
993,3.0,0.372180103561,0.0,0.0,0.0151269925665,False,0.0,1.0,0.0,1.0,0.0
994,3.0,0.323562570462,0.0,0.0,0.0151757893167,False,0.0,1.0,0.0,0.0,1.0
995,3.0,0.198296379807,1.0,1.0,0.0166234913021,False,1.0,0.0,1.0,0.0,0.0
996,3.0,0.348615808593,0.0,0.0,0.0439658719433,False,0.0,1.0,0.0,0.0,1.0
997,3.0,0.260929475135,0.0,0.0,0.0152651849631,False,0.0,1.0,0.0,1.0,0.0
998,3.0,0.372180103561,0.0,0.0,0.0151269925665,False,0.0,1.0,0.0,1.0,0.0
999,3.0,0.372180103561,0.0,0.0,0.0170056674498,False,0.0,1.0,0.0,0.0,1.0
1000,2.0,0.229612927471,0.0,0.0,0.0253743101115,True,0.0,1.0,0.0,0.0,1.0
1001,2.0,0.511461856445,0.0,0.0,0.0293674457751,False,0.0,1.0,1.0,0.0,0.0
1002,3.0,0.372180103561,0.0,0.0,0.0151839871707,False,1.0,0.0,0.0,1.0,0.0
1003,1.0,0.448828761117,0.0,0.0,0.0618336803758,True,1.0,0.0,1.0,0.0,0.0
1004,3.0,0.229612927471,0.0,0.0,0.0142160548335,False,1.0,0.0,0.0,1.0,0.0
1005,1.0,0.787047475886,1.0,0.0,0.432884169007,True,1.0,0.0,0.0,0.0,1.0
1006,3.0,0.223349617938,1.0,0.0,0.028212719478,False,0.0,1.0,1.0,0.0,0.0
1007,3.0,0.372180103561,0.0,0.0,0.0125651631802,False,0.0,1.0,1.0,0.0,0.0
1008,3.0,0.0103970938244,1.0,1.0,0.0325962291433,True,1.0,0.0,0.0,0.0,1.0
1009,1.0,0.448828761117,0.0,0.0,0.146862017625,True,0.0,1.0,1.0,0.0,0.0
1010,2.0,0.361142427659,1.0,0.0,0.0507486202231,False,1.0,0.0,0.0,0.0,1.0
1011,2.0,0.148189903545,0.0,0.0,0.0307419526351,False,1.0,0.0,0.0,0.0,1.0
1012,3.0,0.372180103561,1.0,0.0,0.0151269925665,False,0.0,1.0,0.0,1.0,0.0
1013,1.0,0.436302142052,1.0,0.0,0.112720492996,True,1.0,0.0,1.0,0.0,0.0
1014,3.0,0.348615808593,0.0,0.0,0.0141510575622,False,0.0,1.0,0.0,0.0,1.0
1015,3.0,0.372180103561,0.0,0.0,0.0151269925665,False,0.0,1.0,0.0,1.0,0.0
1016,3.0,0.210822998873,0.0,1.0,0.0314251071381,False,1.0,0.0,0.0,0.0,1.0
1017,3.0,0.2734560942,0.0,0.0,0.0152163882129,False,0.0,1.0,0.0,0.0,1.0
1018,3.0,0.372180103561,2.0,0.0,0.0453809776995,False,1.0,0.0,0.0,1.0,0.0
1019,2.0,0.52398847551,0.0,0.0,0.0253743101115,False,0.0,1.0,0.0,0.0,1.0
1020,3.0,0.298509332331,0.0,0.0,0.0157125535691,False,0.0,1.0,0.0,0.0,1.0
1021,3.0,0.398722284855,0.0,0.0,0.0157125535691,False,0.0,1.0,0.0,0.0,1.0
1022,1.0,0.661781285231,0.0,0.0,0.0556282952445,True,0.0,1.0,1.0,0.0,0.0
1023,3.0,0.372180103561,0.0,4.0,0.0497076879475,False,1.0,0.0,0.0,0.0,1.0
1024,3.0,0.372180103561,1.0,0.0,0.0125651631802,False,0.0,1.0,1.0,0.0,0.0
1025,3.0,0.536515094576,0.0,0.0,0.0154115752137,False,0.0,1.0,0.0,0.0,1.0
1026,3.0,0.298509332331,0.0,0.0,0.0153303774214,False,0.0,1.0,0.0,0.0,1.0
1027,3.0,0.329825879995,0.0,0.0,0.014102260812,False,0.0,1.0,1.0,0.0,0.0
1028,2.0,0.323562570462,0.0,0.0,0.0253743101115,False,0.0,1.0,0.0,0.0,1.0
1029,3.0,0.285982713266,0.0,0.0,0.0157125535691,False,1.0,0.0,0.0,0.0,1.0
1030,3.0,0.498935237379,1.0,6.0,0.0915427034024,False,0.0,1.0,0.0,0.0,1.0
1031,3.0,0.123136665414,5.0,2.0,0.0915427034024,False,1.0,0.0,0.0,0.0,1.0
1032,1.0,0.411248903921,0.0,0.0,0.2958058998,False,1.0,0.0,0.0,0.0,1.0
1033,1.0,0.761994237755,1.0,3.0,0.512121893501,True,0.0,1.0,1.0,0.0,0.0
1034,2.0,0.348615808593,0.0,0.0,0.0507486202231,False,0.0,1.0,0.0,0.0,1.0
1035,1.0,0.52398847551,0.0,0.0,0.0518221487278,False,0.0,1.0,0.0,0.0,1.0
1036,3.0,0.38619566579,3.0,0.0,0.0351336601544,False,0.0,1.0,0.0,0.0,1.0
1037,1.0,0.372180103561,0.0,0.0,0.10122885832,True,0.0,1.0,0.0,0.0,1.0
1038,3.0,0.2734560942,0.0,0.0,0.0157125535691,False,0.0,1.0,0.0,0.0,1.0
1039,1.0,0.372180103561,0.0,0.0,0.0518221487278,False,0.0,1.0,0.0,0.0,1.0
1040,2.0,0.373669046724,1.0,1.0,0.0507486202231,False,0.0,1.0,0.0,0.0,1.0
1041,1.0,0.285982713266,0.0,1.0,0.162314191735,True,1.0,0.0,1.0,0.0,0.0
1042,3.0,0.372180103561,0.0,0.0,0.0154115752137,False,0.0,1.0,1.0,0.0,0.0
1043,3.0,0.755730928222,0.0,0.0,0.0649884474306,False,0.0,1.0,0.0,0.0,1.0
1044,3.0,0.448828761117,0.0,2.0,0.0237802178755,False,1.0,0.0,0.0,0.0,1.0
1045,3.0,0.160716522611,4.0,2.0,0.0612643198943,False,0.0,1.0,0.0,0.0,1.0
1046,3.0,0.298509332331,0.0,0.0,0.0147366185648,False,0.0,1.0,0.0,0.0,1.0
1047,1.0,0.361142427659,0.0,0.0,0.432884169007,True,1.0,0.0,0.0,0.0,1.0
1048,3.0,0.285982713266,0.0,0.0,0.0153303774214,False,1.0,0.0,0.0,0.0,1.0
1049,1.0,0.52398847551,0.0,0.0,0.0518221487278,True,0.0,1.0,0.0,0.0,1.0
1050,3.0,0.323562570462,0.0,2.0,0.0268870093682,False,1.0,0.0,0.0,0.0,1.0
1051,3.0,0.372180103561,0.0,0.0,0.0150943963374,False,1.0,0.0,0.0,1.0,0.0
1052,3.0,0.0855568082175,1.0,1.0,0.0297578197768,False,0.0,1.0,1.0,0.0,0.0
1053,2.0,0.323562570462,0.0,0.0,0.0263502451158,False,1.0,0.0,0.0,0.0,1.0
1054,3.0,0.372180103561,0.0,0.0,0.0136630900601,False,0.0,1.0,0.0,0.0,1.0
1055,2.0,0.511461856445,0.0,0.0,0.0253743101115,False,0.0,1.0,0.0,0.0,1.0
1056,3.0,0.323562570462,1.0,1.0,0.042989936939,False,1.0,0.0,0.0,0.0,1.0
1057,1.0,0.599148189904,0.0,0.0,0.0985612375793,True,0.0,1.0,1.0,0.0,0.0
1058,3.0,0.223349617938,2.0,2.0,0.067095531545,False,0.0,1.0,0.0,0.0,1.0
1059,1.0,0.372180103561,0.0,0.0,0.0541073981339,False,1.0,0.0,1.0,0.0,0.0
1060,3.0,0.2734560942,0.0,0.0,0.0174936349519,False,1.0,0.0,0.0,0.0,1.0
1061,3.0,0.372180103561,0.0,0.0,0.0147366185648,False,0.0,1.0,0.0,0.0,1.0
1062,3.0,0.336089189528,0.0,0.0,0.014102260812,False,0.0,1.0,1.0,0.0,0.0
1063,3.0,0.285982713266,1.0,0.0,0.0271309931193,False,0.0,1.0,0.0,0.0,1.0
1064,3.0,0.372180103561,0.0,0.0,0.014110458666,False,0.0,1.0,1.0,0.0,0.0
1065,3.0,0.498935237379,1.0,5.0,0.0612643198943,False,0.0,1.0,0.0,0.0,1.0
1066,2.0,0.185769760742,0.0,2.0,0.0761229303346,False,1.0,0.0,0.0,0.0,1.0
1067,2.0,0.248402856069,0.0,0.0,0.0717312228153,False,1.0,0.0,0.0,0.0,1.0
1068,1.0,0.674307904297,1.0,0.0,0.108214991455,True,0.0,1.0,1.0,0.0,0.0
1069,2.0,0.448828761117,0.0,3.0,0.0761229303346,True,1.0,0.0,0.0,0.0,1.0
1070,1.0,0.799574094952,0.0,2.0,0.162314191735,True,1.0,0.0,1.0,0.0,0.0
1071,2.0,0.373669046724,0.0,0.0,0.0253743101115,False,0.0,1.0,0.0,0.0,1.0
1072,1.0,0.461355380183,1.0,1.0,0.162314191735,True,0.0,1.0,1.0,0.0,0.0
1073,1.0,0.223349617938,1.0,0.0,0.103644297456,True,1.0,0.0,0.0,0.0,1.0
1074,3.0,0.372180103561,0.0,0.0,0.0151269925665,False,0.0,1.0,0.0,1.0,0.0
1075,1.0,0.336089189528,1.0,1.0,0.48312842602,True,1.0,0.0,1.0,0.0,0.0
1076,2.0,0.498935237379,0.0,0.0,0.0312299201373,False,0.0,1.0,0.0,0.0,1.0
1077,2.0,0.260929475135,0.0,1.0,0.0409892701802,False,1.0,0.0,0.0,0.0,1.0
1078,3.0,0.210822998873,2.0,0.0,0.0157125535691,False,0.0,1.0,0.0,0.0,1.0
1079,3.0,0.372180103561,8.0,2.0,0.135752559097,False,1.0,0.0,0.0,0.0,1.0
1080,2.0,0.498935237379,0.0,0.0,0.0253743101115,False,0.0,1.0,0.0,0.0,1.0
1081,2.0,0.423775522986,1.0,0.0,0.0507486202231,False,0.0,1.0,0.0,0.0,1.0
1082,1.0,0.372180103561,0.0,0.0,0.0507486202231,False,0.0,1.0,0.0,0.0,1.0
1083,3.0,0.141926594012,1.0,1.0,0.0283021151244,False,0.0,1.0,0.0,0.0,1.0
1084,2.0,0.761994237755,0.0,0.0,0.024105594606,False,0.0,1.0,0.0,1.0,0.0
1085,2.0,0.098083427283,0.0,2.0,0.0634357752789,False,0.0,1.0,0.0,0.0,1.0
1086,3.0,0.411248903921,0.0,0.0,0.0153303774214,False,0.0,1.0,0.0,0.0,1.0
1087,1.0,0.0730301891519,0.0,2.0,0.262526516154,True,0.0,1.0,1.0,0.0,0.0
1088,3.0,0.223349617938,0.0,0.0,0.0151757893167,False,1.0,0.0,0.0,0.0,1.0
1089,2.0,0.285982713266,0.0,0.0,0.0204946350901,False,0.0,1.0,0.0,0.0,1.0
1090,3.0,0.372180103561,0.0,0.0,0.0158345454446,False,1.0,0.0,0.0,0.0,1.0
1091,3.0,0.372180103561,0.0,0.0,0.030253985133,False,1.0,0.0,0.0,1.0,0.0
1092,3.0,0.00200425905048,0.0,2.0,0.0281069281236,False,0.0,1.0,0.0,0.0,1.0
1093,1.0,0.586621570838,1.0,0.0,0.444099223702,True,0.0,1.0,1.0,0.0,0.0
1094,2.0,0.098083427283,1.0,1.0,0.0507486202231,False,1.0,0.0,0.0,0.0,1.0
1095,2.0,0.311035951397,0.0,0.0,0.0204946350901,False,0.0,1.0,0.0,0.0,1.0
1096,1.0,0.372180103561,0.0,0.0,0.0502444521999,False,0.0,1.0,1.0,0.0,0.0
1097,3.0,0.436302142052,0.0,0.0,0.0151269925665,False,1.0,0.0,0.0,1.0,0.0
1098,2.0,0.298509332331,0.0,0.0,0.0204946350901,False,0.0,1.0,0.0,0.0,1.0
1099,1.0,0.411248903921,0.0,0.0,0.0541073981339,True,1.0,0.0,1.0,0.0,0.0
1100,3.0,0.311035951397,0.0,0.0,0.0154115752137,False,0.0,1.0,0.0,0.0,1.0
1101,3.0,0.398722284855,0.0,0.0,0.0439658719433,False,0.0,1.0,0.0,0.0,1.0
1102,3.0,0.372180103561,0.0,0.0,0.0137606835605,False,0.0,1.0,0.0,0.0,1.0
1103,2.0,0.210822998873,0.0,0.0,0.143462445631,False,0.0,1.0,0.0,0.0,1.0
1104,2.0,0.74946761869,1.0,0.0,0.0507486202231,False,1.0,0.0,0.0,0.0,1.0
1105,3.0,0.473881999248,4.0,2.0,0.0151757893167,False,1.0,0.0,0.0,0.0,1.0
1106,1.0,0.52398847551,0.0,0.0,0.0829544753647,True,0.0,1.0,0.0,0.0,1.0
1107,3.0,0.372180103561,0.0,0.0,0.0153791741716,False,1.0,0.0,0.0,1.0,0.0
1108,1.0,0.711887761493,1.0,1.0,0.321798367144,False,0.0,1.0,0.0,0.0,1.0
1109,1.0,0.624201428035,1.0,1.0,0.412820506815,True,1.0,0.0,1.0,0.0,0.0
1110,3.0,0.372180103561,0.0,0.0,0.0157125535691,False,0.0,1.0,0.0,0.0,1.0
1111,2.0,0.373669046724,1.0,0.0,0.0270496001399,False,1.0,0.0,1.0,0.0,0.0
1112,3.0,0.260929475135,0.0,0.0,0.0157125535691,False,0.0,1.0,0.0,0.0,1.0
1113,2.0,0.2734560942,0.0,0.0,0.0204946350901,True,1.0,0.0,0.0,0.0,1.0
1114,3.0,0.260929475135,0.0,0.0,0.0152163882129,False,0.0,1.0,0.0,0.0,1.0
1115,1.0,0.661781285231,0.0,0.0,0.0535706338815,False,1.0,0.0,1.0,0.0,0.0
1116,3.0,0.372180103561,0.0,2.0,0.0297578197768,False,1.0,0.0,1.0,0.0,0.0
1117,3.0,0.285982713266,0.0,0.0,0.0152163882129,False,0.0,1.0,0.0,0.0,1.0
1118,3.0,0.372180103561,0.0,0.0,0.0151269925665,False,1.0,0.0,0.0,1.0,0.0
1119,3.0,0.505198546912,0.0,0.0,0.0294732371296,False,0.0,1.0,0.0,0.0,1.0
1120,2.0,0.448828761117,0.0,0.0,0.0253743101115,False,0.0,1.0,0.0,0.0,1.0
1121,2.0,0.173243141676,0.0,0.0,0.126871550558,False,0.0,1.0,0.0,0.0,1.0
1122,1.0,0.260929475135,0.0,0.0,0.0518221487278,False,1.0,0.0,0.0,0.0,1.0
1123,3.0,0.260929475135,1.0,0.0,0.0126789572017,False,0.0,1.0,0.0,0.0,1.0
1124,3.0,0.372180103561,0.0,0.0,0.0153791741716,False,0.0,1.0,0.0,1.0,0.0
1125,1.0,0.486408618314,1.0,0.0,0.139135735383,True,0.0,1.0,1.0,0.0,0.0
1126,3.0,0.248402856069,0.0,0.0,0.0153303774214,False,0.0,1.0,0.0,0.0,1.0
1127,1.0,0.799574094952,1.0,0.0,0.146878218146,True,0.0,1.0,1.0,0.0,0.0
1128,3.0,0.248402856069,0.0,0.0,0.014102260812,False,0.0,1.0,1.0,0.0,0.0
1129,2.0,0.223349617938,1.0,1.0,0.0253743101115,False,1.0,0.0,0.0,0.0,1.0
1130,1.0,0.599148189904,1.0,0.0,0.207727765663,True,1.0,0.0,1.0,0.0,0.0
1131,1.0,0.686834523362,0.0,0.0,0.0541073981339,False,1.0,0.0,1.0,0.0,0.0
1132,2.0,0.561568332707,0.0,2.0,0.0585561002574,False,1.0,0.0,0.0,0.0,1.0
1133,1.0,0.561568332707,1.0,1.0,0.262526516154,True,0.0,1.0,1.0,0.0,0.0
1134,3.0,0.372180103561,0.0,0.0,0.0153953746927,False,0.0,1.0,0.0,0.0,1.0
1135,3.0,0.372180103561,1.0,2.0,0.0457713517012,False,0.0,1.0,0.0,0.0,1.0
1136,1.0,0.511461856445,1.0,0.0,0.10122885832,True,0.0,1.0,0.0,0.0,1.0
1137,2.0,0.2734560942,0.0,0.0,0.0409892701802,False,1.0,0.0,0.0,0.0,1.0
1138,2.0,0.52398847551,1.0,1.0,0.0634357752789,False,0.0,1.0,0.0,0.0,1.0
1139,2.0,0.361142427659,1.0,0.0,0.0507486202231,False,1.0,0.0,0.0,0.0,1.0
1140,3.0,0.372180103561,1.0,0.0,0.028212719478,False,1.0,0.0,1.0,0.0,0.0
1141,2.0,0.00939496429914,1.0,2.0,0.0541643927381,False,1.0,0.0,0.0,0.0,1.0
1142,3.0,0.248402856069,0.0,0.0,0.015468569818,False,0.0,1.0,0.0,0.0,1.0
1143,1.0,0.336089189528,1.0,0.0,0.266975218278,True,0.0,1.0,1.0,0.0,0.0
1144,3.0,0.298509332331,0.0,0.0,0.01820118783,False,0.0,1.0,0.0,0.0,1.0
1145,3.0,0.404985594388,0.0,0.0,0.0185427650815,False,0.0,1.0,0.0,0.0,1.0
1146,3.0,0.372180103561,0.0,0.0,0.0147366185648,False,0.0,1.0,0.0,0.0,1.0
1147,3.0,0.372180103561,0.0,0.0,0.0151269925665,False,0.0,1.0,0.0,1.0,0.0
1148,3.0,0.348615808593,0.0,0.0,0.0157125535691,False,0.0,1.0,0.0,0.0,1.0
1149,2.0,0.235876237004,0.0,0.0,0.0253743101115,False,1.0,0.0,0.0,0.0,1.0
1150,3.0,0.260929475135,0.0,0.0,0.0151757893167,False,0.0,1.0,0.0,0.0,1.0
1151,3.0,0.45509207065,1.0,0.0,0.0339625381493,False,0.0,1.0,0.0,0.0,1.0
1152,3.0,0.260929475135,0.0,0.0,0.0153303774214,False,0.0,1.0,0.0,0.0,1.0
1153,2.0,0.361142427659,0.0,2.0,0.0448930101973,False,1.0,0.0,0.0,0.0,1.0
1154,3.0,0.0103970938244,1.0,1.0,0.0237802178755,False,1.0,0.0,0.0,0.0,1.0
1155,2.0,0.373669046724,0.0,0.0,0.0248619442343,False,0.0,1.0,1.0,0.0,0.0
1156,3.0,0.372180103561,0.0,0.0,0.0154115752137,False,0.0,1.0,0.0,0.0,1.0
1157,1.0,0.372180103561,0.0,0.0,0.0,False,0.0,1.0,0.0,0.0,1.0
1158,3.0,0.372180103561,0.0,0.0,0.0147366185648,False,0.0,1.0,0.0,0.0,1.0
1159,3.0,0.372180103561,0.0,0.0,0.0157125535691,False,1.0,0.0,0.0,0.0,1.0
1160,3.0,0.210822998873,0.0,0.0,0.0169080739493,False,0.0,1.0,0.0,0.0,1.0
1161,1.0,0.574094951773,0.0,0.0,0.146862017625,True,0.0,1.0,1.0,0.0,0.0
1162,3.0,0.372180103561,0.0,0.0,0.0151269925665,False,0.0,1.0,0.0,1.0,0.0
1163,1.0,0.323562570462,1.0,0.0,0.266975218278,True,1.0,0.0,1.0,0.0,0.0
1164,3.0,0.372180103561,1.0,0.0,0.030253985133,False,1.0,0.0,0.0,1.0,0.0
1165,3.0,0.372180103561,0.0,0.0,0.014102260812,False,0.0,1.0,1.0,0.0,0.0
1166,2.0,0.248402856069,1.0,0.0,0.0507486202231,False,1.0,0.0,0.0,0.0,1.0
1167,2.0,0.348615808593,0.0,0.0,0.0204946350901,False,0.0,1.0,0.0,0.0,1.0
1168,2.0,0.498935237379,1.0,0.0,0.0507486202231,False,0.0,1.0,0.0,0.0,1.0
1169,2.0,0.373669046724,1.0,0.0,0.0409892701802,False,0.0,1.0,0.0,0.0,1.0
1170,2.0,0.2734560942,0.0,0.0,0.0204946350901,False,0.0,1.0,0.0,0.0,1.0
1171,3.0,0.285982713266,0.0,0.0,0.0169080739493,False,1.0,0.0,0.0,0.0,1.0
1172,3.0,0.007265439058,1.0,1.0,0.0268870093682,False,0.0,1.0,0.0,0.0,1.0
1173,3.0,0.372180103561,0.0,0.0,0.0151269925665,False,1.0,0.0,0.0,1.0,0.0
1174,3.0,0.110610046348,1.0,1.0,0.0297578197768,False,1.0,0.0,1.0,0.0,0.0
1175,3.0,0.0229237128899,1.0,1.0,0.0394521725484,False,1.0,0.0,0.0,0.0,1.0
1176,3.0,0.448828761117,0.0,0.0,0.0141510575622,False,0.0,1.0,0.0,0.0,1.0
1177,3.0,0.372180103561,0.0,0.0,0.0141510575622,False,0.0,1.0,0.0,0.0,1.0
1178,1.0,0.298509332331,1.0,0.0,0.160573904435,True,0.0,1.0,0.0,0.0,1.0
1179,3.0,0.372180103561,0.0,0.0,0.014110458666,True,0.0,1.0,1.0,0.0,0.0
1180,3.0,0.372180103561,0.0,0.0,0.0157125535691,False,0.0,1.0,0.0,0.0,1.0
1181,1.0,0.372180103561,0.0,0.0,0.0772940523398,False,0.0,1.0,0.0,0.0,1.0
1182,3.0,0.373669046724,0.0,0.0,0.0135654965596,False,1.0,0.0,0.0,1.0,0.0
1183,3.0,0.372180103561,0.0,0.0,0.014110458666,False,0.0,1.0,1.0,0.0,0.0
1184,1.0,0.661781285231,1.0,1.0,0.159776760723,True,0.0,1.0,0.0,0.0,1.0
1185,3.0,0.448828761117,0.0,0.0,0.0185427650815,False,0.0,1.0,0.0,0.0,1.0
1186,3.0,0.323562570462,0.0,0.0,0.0154115752137,False,0.0,1.0,0.0,0.0,1.0
1187,2.0,0.0103970938244,1.0,2.0,0.0811571934608,False,1.0,0.0,1.0,0.0,0.0
1188,3.0,0.372180103561,2.0,0.0,0.04231498029,False,0.0,1.0,1.0,0.0,0.0
1189,1.0,0.373669046724,0.0,0.0,0.0888100853904,False,0.0,1.0,0.0,0.0,1.0
1190,3.0,0.361142427659,0.0,0.0,0.0153303774214,False,0.0,1.0,0.0,0.0,1.0
1191,3.0,0.398722284855,0.0,0.0,0.0151757893167,False,0.0,1.0,0.0,0.0,1.0
1192,2.0,0.372180103561,0.0,0.0,0.0293674457751,True,0.0,1.0,1.0,0.0,0.0
1193,2.0,0.536515094576,0.0,1.0,0.0409892701802,False,0.0,1.0,0.0,0.0,1.0
1194,3.0,0.298509332331,0.0,0.0,0.0169080739493,False,0.0,1.0,0.0,0.0,1.0
1195,3.0,0.372180103561,0.0,0.0,0.0151269925665,False,1.0,0.0,0.0,1.0,0.0
1196,1.0,0.799574094952,1.0,1.0,0.0518221487278,True,1.0,0.0,0.0,0.0,1.0
1197,1.0,0.373669046724,1.0,2.0,0.2958058998,True,0.0,1.0,0.0,0.0,1.0
1198,3.0,0.00826756858324,0.0,1.0,0.0182499845802,False,0.0,1.0,0.0,0.0,1.0
1199,1.0,0.686834523362,1.0,1.0,0.182499845802,True,0.0,1.0,0.0,0.0,1.0
1200,3.0,0.561568332707,1.0,0.0,0.0275375676421,False,1.0,0.0,0.0,0.0,1.0
1201,3.0,0.223349617938,0.0,0.0,0.0169080739493,False,0.0,1.0,0.0,0.0,1.0
1202,3.0,0.2734560942,0.0,0.0,0.014102260812,False,0.0,1.0,1.0,0.0,0.0
1203,3.0,0.372180103561,0.0,0.0,0.014785415315,False,0.0,1.0,0.0,0.0,1.0
1204,3.0,0.461355380183,0.0,0.0,0.0151269925665,False,1.0,0.0,0.0,1.0,0.0
1205,1.0,0.686834523362,0.0,0.0,0.264738570435,True,1.0,0.0,1.0,0.0,0.0
1206,3.0,0.210822998873,0.0,0.0,0.0150943963374,False,1.0,0.0,0.0,1.0,0.0
1207,1.0,0.711887761493,1.0,0.0,0.285989555153,True,0.0,1.0,1.0,0.0,0.0
1208,2.0,0.235876237004,0.0,0.0,0.0204946350901,False,0.0,1.0,0.0,0.0,1.0
1209,3.0,0.336089189528,0.0,0.0,0.0153303774214,False,0.0,1.0,0.0,0.0,1.0
1210,2.0,0.2734560942,2.0,0.0,0.0614839052703,False,0.0,1.0,0.0,0.0,1.0
1211,3.0,0.323562570462,0.0,0.0,0.0151757893167,False,0.0,1.0,0.0,0.0,1.0
1212,3.0,0.311035951397,0.0,0.0,0.014110458666,True,0.0,1.0,1.0,0.0,0.0
1213,2.0,0.323562570462,0.0,0.0,0.0253743101115,True,0.0,1.0,0.0,0.0,1.0
1214,1.0,0.411248903921,0.0,0.0,0.0518221487278,False,0.0,1.0,0.0,0.0,1.0
1215,1.0,0.486408618314,0.0,0.0,0.412503327938,False,1.0,0.0,0.0,0.0,1.0
1216,3.0,0.285982713266,0.0,0.0,0.0137606835605,False,0.0,1.0,0.0,0.0,1.0
1217,2.0,0.148189903545,2.0,1.0,0.0761229303346,True,1.0,0.0,0.0,0.0,1.0
1218,1.0,0.574094951773,0.0,0.0,0.15458810468,False,0.0,1.0,1.0,0.0,0.0
1219,2.0,0.361142427659,1.0,0.0,0.0507486202231,False,0.0,1.0,0.0,0.0,1.0
1220,2.0,0.260929475135,0.0,0.0,0.0253743101115,False,0.0,1.0,0.0,0.0,1.0
1221,2.0,0.599148189904,0.0,2.0,0.0717312228153,False,1.0,0.0,0.0,0.0,1.0
1222,1.0,0.486408618314,0.0,0.0,0.0579705392548,True,0.0,1.0,1.0,0.0,0.0
1223,3.0,0.372180103561,0.0,0.0,0.014102260812,False,0.0,1.0,1.0,0.0,0.0
1224,3.0,0.235876237004,1.0,1.0,0.0307257521141,False,1.0,0.0,1.0,0.0,0.0
1225,3.0,0.336089189528,0.0,0.0,0.0154115752137,False,0.0,1.0,0.0,0.0,1.0
1226,1.0,0.373669046724,0.0,0.0,0.0507486202231,True,0.0,1.0,0.0,0.0,1.0
1227,2.0,0.398722284855,0.0,0.0,0.0253743101115,False,0.0,1.0,0.0,0.0,1.0
1228,3.0,0.486408618314,0.0,2.0,0.014110458666,False,0.0,1.0,1.0,0.0,0.0
1229,2.0,0.311035951397,0.0,0.0,0.0614839052703,False,0.0,1.0,0.0,0.0,1.0
1230,3.0,0.372180103561,0.0,0.0,0.014110458666,False,0.0,1.0,1.0,0.0,0.0
1231,2.0,0.223349617938,0.0,0.0,0.0204946350901,False,0.0,1.0,0.0,0.0,1.0
1232,3.0,0.398722284855,0.0,0.0,0.014793613169,False,0.0,1.0,0.0,0.0,1.0
1233,3.0,0.372180103561,1.0,9.0,0.135752559097,False,0.0,1.0,0.0,0.0,1.0
1234,1.0,0.724414380559,0.0,1.0,1.0,True,1.0,0.0,1.0,0.0,0.0
1235,3.0,0.372180103561,1.0,1.0,0.0283021151244,False,0.0,1.0,0.0,0.0,1.0
1236,3.0,0.198296379807,0.0,0.0,0.0149318055656,False,1.0,0.0,0.0,0.0,1.0
1237,2.0,0.323562570462,0.0,0.0,0.0253743101115,False,0.0,1.0,0.0,0.0,1.0
1238,3.0,0.473881999248,0.0,0.0,0.014110458666,False,1.0,0.0,1.0,0.0,0.0
1239,2.0,0.298509332331,0.0,0.0,0.0263502451158,False,0.0,1.0,0.0,0.0,1.0
1240,2.0,0.38619566579,0.0,0.0,0.0409892701802,False,1.0,0.0,0.0,0.0,1.0
1241,1.0,0.561568332707,0.0,1.0,0.123667165565,True,1.0,0.0,1.0,0.0,0.0
1242,2.0,0.311035951397,0.0,0.0,0.0204946350901,False,0.0,1.0,0.0,0.0,1.0
1243,2.0,0.223349617938,0.0,0.0,0.143462445631,False,0.0,1.0,0.0,0.0,1.0
1244,2.0,0.611674808969,1.0,2.0,0.126871550558,False,0.0,1.0,0.0,0.0,1.0
1245,3.0,0.0,1.0,2.0,0.0401597254265,False,1.0,0.0,0.0,0.0,1.0
1246,1.0,0.624201428035,0.0,0.0,0.0507486202231,True,0.0,1.0,0.0,0.0,1.0
1247,1.0,0.736940999624,2.0,0.0,0.100480706546,True,1.0,0.0,0.0,0.0,1.0
1248,3.0,0.372180103561,0.0,0.0,0.0153791741716,False,0.0,1.0,0.0,0.0,1.0
1249,3.0,0.372180103561,0.0,0.0,0.0151269925665,False,0.0,1.0,0.0,1.0,0.0
1250,3.0,0.373669046724,1.0,0.0,0.0303515786334,False,1.0,0.0,0.0,0.0,1.0
1251,3.0,0.179506451209,8.0,2.0,0.135752559097,False,0.0,1.0,0.0,0.0,1.0
1252,2.0,0.298509332331,1.0,1.0,0.0722273881715,False,1.0,0.0,1.0,0.0,0.0
1253,2.0,0.38619566579,0.0,0.0,0.0409892701802,False,1.0,0.0,0.0,0.0,1.0
1254,3.0,0.336089189528,0.0,0.0,0.0169080739493,False,0.0,1.0,0.0,0.0,1.0
1255,1.0,0.311035951397,1.0,0.0,0.108214991455,True,1.0,0.0,1.0,0.0,0.0
1256,3.0,0.372180103561,1.0,9.0,0.135752559097,False,1.0,0.0,0.0,0.0,1.0
1257,3.0,0.372180103561,1.0,0.0,0.0282207221451,False,0.0,1.0,1.0,0.0,0.0
1258,3.0,0.2734560942,0.0,0.0,0.0774648409655,False,1.0,0.0,0.0,0.0,1.0
1259,1.0,0.561568332707,0.0,1.0,0.11594107851,False,1.0,0.0,1.0,0.0,0.0
1260,2.0,0.361142427659,0.0,0.0,0.0270496001399,False,0.0,1.0,1.0,0.0,0.0
1261,2.0,0.260929475135,1.0,0.0,0.0224465050987,False,0.0,1.0,0.0,0.0,1.0
1262,1.0,0.38619566579,0.0,0.0,0.262526516154,True,1.0,0.0,1.0,0.0,0.0
1263,1.0,0.611674808969,0.0,0.0,0.0,True,0.0,1.0,0.0,0.0,1.0
1264,2.0,0.549041713641,0.0,0.0,0.0253743101115,False,0.0,1.0,0.0,0.0,1.0
1265,1.0,0.674307904297,1.0,1.0,0.159776760723,True,1.0,0.0,0.0,0.0,1.0
1266,1.0,0.561568332707,0.0,0.0,0.512121893501,False,1.0,0.0,1.0,0.0,0.0
1267,3.0,0.2734560942,2.0,0.0,0.0169080739493,False,1.0,0.0,0.0,0.0,1.0
1268,2.0,0.260929475135,0.0,0.0,0.0224465050987,False,0.0,1.0,0.0,0.0,1.0
1269,1.0,0.686834523362,0.0,0.0,0.097593500429,True,0.0,1.0,0.0,0.0,1.0
1270,3.0,0.0605035700864,4.0,2.0,0.0612643198943,False,0.0,1.0,0.0,0.0,1.0
1271,3.0,0.372180103561,0.0,0.0,0.0151269925665,False,0.0,1.0,0.0,1.0,0.0
1272,3.0,0.323562570462,0.0,0.0,0.0153791741716,False,0.0,1.0,0.0,1.0,0.0
1273,3.0,0.372180103561,0.0,0.0,0.0283021151244,False,1.0,0.0,0.0,0.0,1.0
1274,3.0,0.235876237004,1.0,0.0,0.0314251071381,False,1.0,0.0,0.0,0.0,1.0
1275,2.0,0.372180103561,0.0,0.0,0.0251303263605,False,0.0,1.0,0.0,0.0,1.0
1276,2.0,0.298509332331,1.0,2.0,0.126871550558,False,1.0,0.0,0.0,0.0,1.0
1277,3.0,0.298509332331,0.0,0.0,0.0151757893167,False,0.0,1.0,0.0,0.0,1.0
1278,2.0,0.711887761493,0.0,0.0,0.0253743101115,False,0.0,1.0,0.0,0.0,1.0
1279,3.0,0.260929475135,0.0,0.0,0.0151269925665,False,0.0,1.0,0.0,1.0,0.0
1280,3.0,0.0730301891519,3.0,1.0,0.0411356604308,False,0.0,1.0,0.0,0.0,1.0
1281,1.0,0.285982713266,0.0,0.0,0.182499845802,True,0.0,1.0,0.0,0.0,1.0
1282,1.0,0.6367280471,0.0,1.0,0.0769036783381,True,1.0,0.0,0.0,0.0,1.0
1283,3.0,0.160716522611,0.0,2.0,0.0395253676738,False,0.0,1.0,0.0,0.0,1.0
1284,2.0,0.586621570838,0.0,0.0,0.0204946350901,False,0.0,1.0,0.0,0.0,1.0
1285,3.0,0.361142427659,3.0,1.0,0.042989936939,False,0.0,1.0,0.0,0.0,1.0
1286,1.0,0.223349617938,1.0,0.0,0.117112200515,True,1.0,0.0,0.0,0.0,1.0
1287,3.0,0.298509332331,0.0,0.0,0.0141510575622,False,0.0,1.0,0.0,1.0,0.0
1288,1.0,0.599148189904,1.0,1.0,0.15458810468,True,1.0,0.0,1.0,0.0,0.0
1289,3.0,0.2734560942,0.0,0.0,0.0151757893167,False,0.0,1.0,0.0,0.0,1.0
1290,3.0,0.38619566579,0.0,0.0,0.0150943963374,False,0.0,1.0,0.0,1.0,0.0
1291,1.0,0.373669046724,0.0,0.0,0.321798367144,True,1.0,0.0,0.0,0.0,1.0
1292,2.0,0.473881999248,1.0,0.0,0.0409892701802,False,0.0,1.0,0.0,0.0,1.0
1293,1.0,0.2734560942,0.0,1.0,0.11594107851,False,1.0,0.0,1.0,0.0,0.0
1294,1.0,0.210822998873,0.0,0.0,0.0919330774041,False,0.0,1.0,0.0,0.0,1.0
1295,1.0,0.536515094576,1.0,0.0,0.0541073981339,True,0.0,1.0,1.0,0.0,0.0
1296,2.0,0.248402856069,0.0,0.0,0.0270577979939,True,0.0,1.0,1.0,0.0,0.0
1297,2.0,0.285982713266,1.0,0.0,0.0204946350901,False,0.0,1.0,0.0,0.0,1.0
1298,1.0,0.624201428035,1.0,1.0,0.412820506815,True,0.0,1.0,1.0,0.0,0.0
1299,3.0,0.372180103561,0.0,0.0,0.0150699979622,False,1.0,0.0,0.0,1.0,0.0
1300,3.0,0.0354503319554,1.0,1.0,0.0268870093682,False,1.0,0.0,0.0,0.0,1.0
1301,3.0,0.372180103561,0.0,0.0,0.0151269925665,False,1.0,0.0,0.0,1.0,0.0
1302,1.0,0.461355380183,1.0,0.0,0.175668300772,True,1.0,0.0,0.0,1.0,0.0
1303,3.0,0.348615808593,0.0,0.0,0.0151757893167,False,1.0,0.0,0.0,0.0,1.0
1304,3.0,0.372180103561,0.0,0.0,0.0157125535691,False,0.0,1.0,0.0,0.0,1.0
1305,1.0,0.486408618314,0.0,0.0,0.212558643934,True,1.0,0.0,1.0,0.0,0.0
1306,3.0,0.480145308781,0.0,0.0,0.0141510575622,False,0.0,1.0,0.0,0.0,1.0
1307,3.0,0.372180103561,0.0,0.0,0.0157125535691,False,0.0,1.0,0.0,0.0,1.0
1308,3.0,0.372180103561,1.0,1.0,0.0436404952128,False,0.0,1.0,1.0,0.0,0.0
